"time","BPOST","BPOST( volume )"
"2013-06-21 02:00","14.55","14006429"
"2013-06-24 02:00","14.5","2587604"
"2013-06-25 02:00","14.5","2183242"
"2013-06-26 02:00","14.5","1278206"
"2013-06-27 02:00","14.39","1026463"
"2013-06-28 02:00","14.28","697399"
"2013-07-01 02:00","14.3","686641"
"2013-07-02 02:00","14.46","789063"
"2013-07-03 02:00","14.25","558348"
"2013-07-04 02:00","14.47","403030"
"2013-07-05 02:00","14.42","173057"
"2013-07-08 02:00","14.32","247690"
"2013-07-09 02:00","14.34","216016"
"2013-07-10 02:00","14.29","355715"
"2013-07-11 02:00","14.4","189234"
"2013-07-12 02:00","14.43","201525"
"2013-07-15 02:00","14.43","66426"
"2013-07-16 02:00","14.37","246573"
"2013-07-17 02:00","14.33","153107"
"2013-07-18 02:00","14.31","116345"
"2013-07-19 02:00","14.39","246390"
"2013-07-22 02:00","14.42","189577"
"2013-07-23 02:00","14.4","230864"
"2013-07-24 02:00","14.4","178727"
"2013-07-25 02:00","14.39","172480"
"2013-07-26 02:00","14.39","179759"
"2013-07-29 02:00","14.38","119903"
"2013-07-30 02:00","14.34","206529"
"2013-07-31 02:00","14.34","254525"
"2013-08-01 02:00","14.4","142844"
"2013-08-02 02:00","14.37","267482"
"2013-08-05 02:00","14.38","217757"
"2013-08-06 02:00","14.39","392260"
"2013-08-07 02:00","14.29","483222"
"2013-08-08 02:00","13.7","1215157"
"2013-08-09 02:00","13.84","566333"
"2013-08-12 02:00","14.43","258652"
"2013-08-13 02:00","14.68","493227"
"2013-08-14 02:00","14.82","361347"
"2013-08-15 02:00","14.71","329365"
"2013-08-16 02:00","14.89","285982"
"2013-08-19 02:00","14.86","294715"
"2013-08-20 02:00","14.87","384862"
"2013-08-21 02:00","14.7","308269"
"2013-08-22 02:00","14.7","253231"
"2013-08-23 02:00","14.7","398255"
"2013-08-26 02:00","14.7","205461"
"2013-08-27 02:00","14.74","394416"
"2013-08-28 02:00","14.72","286906"
"2013-08-29 02:00","14.76","146999"
"2013-08-30 02:00","14.73","131967"
"2013-09-02 02:00","14.88","167960"
"2013-09-03 02:00","14.71","128875"
"2013-09-04 02:00","14.62","171034"
"2013-09-05 02:00","14.7","278222"
"2013-09-06 02:00","14.47","218607"
"2013-09-09 02:00","14.53","226632"
"2013-09-10 02:00","14.55","234787"
"2013-09-11 02:00","14.46","194036"
"2013-09-12 02:00","14.16","289807"
"2013-09-13 02:00","14.13","274706"
"2013-09-16 02:00","14.28","192105"
"2013-09-17 02:00","14.16","103271"
"2013-09-18 02:00","14.17","168866"
"2013-09-19 02:00","14.19","269747"
"2013-09-20 02:00","14.1","182587"
"2013-09-23 02:00","14.1","137824"
"2013-09-24 02:00","14.1","129854"
"2013-09-25 02:00","14.1","255817"
"2013-09-26 02:00","14.12","91423"
"2013-09-27 02:00","14.08","190397"
"2013-09-30 02:00","14.14","212955"
"2013-10-01 02:00","14.24","159111"
"2013-10-02 02:00","14.14","262547"
"2013-10-03 02:00","14.26","169439"
"2013-10-04 02:00","14.41","181823"
"2013-10-07 02:00","14.48","118202"
"2013-10-08 02:00","14.22","87929"
"2013-10-09 02:00","13.98","232992"
"2013-10-10 02:00","13.97","307821"
"2013-10-11 02:00","14.4","322081"
"2013-10-14 02:00","14.32","119893"
"2013-10-15 02:00","14.69","268633"
"2013-10-16 02:00","14.67","250184"
"2013-10-17 02:00","14.77","197466"
"2013-10-18 02:00","14.7","193126"
"2013-10-21 02:00","14.53","115091"
"2013-10-22 02:00","14.7","294745"
"2013-10-23 02:00","14.89","196796"
"2013-10-24 02:00","15.07","429973"
"2013-10-25 02:00","14.95","182460"
"2013-10-28 01:00","15.29","620573"
"2013-10-29 01:00","15.3","171946"
"2013-10-30 01:00","15.25","281164"
"2013-10-31 01:00","15.49","341264"
"2013-11-01 01:00","15.66","237628"
"2013-11-04 01:00","15.4","435259"
"2013-11-05 01:00","15.57","447546"
"2013-11-06 01:00","15.82","305809"
"2013-11-07 01:00","15.74","233667"
"2013-11-08 01:00","15.8","671743"
"2013-11-11 01:00","16.19","418684"
"2013-11-12 01:00","15.79","382642"
"2013-11-13 01:00","15.72","225592"
"2013-11-14 01:00","15.8","255851"
"2013-11-15 01:00","15.83","260273"
"2013-11-18 01:00","16.07","306218"
"2013-11-19 01:00","15.99","116358"
"2013-11-20 01:00","16.06","262778"
"2013-11-21 01:00","16","194709"
"2013-11-22 01:00","16","309948"
"2013-11-25 01:00","16.08","387637"
"2013-11-26 01:00","16","1441397"
"2013-11-27 01:00","15.84","243871"
"2013-11-28 01:00","15.6","259148"
"2013-11-29 01:00","15.65","347039"
"2013-12-02 01:00","15.89","218403"
"2013-12-03 01:00","15.75","313613"
"2013-12-04 01:00","15.74","236567"
"2013-12-05 01:00","15.88","620087"
"2013-12-06 01:00","16.1","320178"
"2013-12-09 01:00","15.44","416790"
"2013-12-10 01:00","15.24","255613"
"2013-12-11 01:00","14.43","4294274"
"2013-12-12 01:00","14.28","932227"
"2013-12-13 01:00","14.3","603526"
"2013-12-16 01:00","14.35","508064"
"2013-12-17 01:00","14.25","612725"
"2013-12-18 01:00","14.39","617776"
"2013-12-19 01:00","14.29","793086"
"2013-12-20 01:00","14.5","1276703"
"2013-12-23 01:00","14.05","1098654"
"2013-12-24 01:00","14","307334"
"2013-12-27 01:00","14.22","274633"
"2013-12-30 01:00","14.06","300273"
"2013-12-31 01:00","14.21","81250"
"2014-01-02 01:00","14.17","228092"
"2014-01-03 01:00","14.25","292435"
"2014-01-06 01:00","14.22","288526"
"2014-01-07 01:00","14.25","291571"
"2014-01-08 01:00","14.46","320813"
"2014-01-09 01:00","14.36","415839"
"2014-01-10 01:00","14.5","524471"
"2014-01-13 01:00","14.27","1160421"
"2014-01-14 01:00","14.3","237612"
"2014-01-15 01:00","14.27","311671"
"2014-01-16 01:00","14.31","234660"
"2014-01-17 01:00","14.41","740437"
"2014-01-20 01:00","14.46","456996"
"2014-01-21 01:00","14.48","454133"
"2014-01-22 01:00","14.45","620856"
"2014-01-23 01:00","14.25","959400"
"2014-01-24 01:00","14.39","1888708"
"2014-01-27 01:00","14.4","662325"
"2014-01-28 01:00","14.37","458749"
"2014-01-29 01:00","14.39","283270"
"2014-01-30 01:00","14.42","409770"
"2014-01-31 01:00","14.45","323419"
"2014-02-03 01:00","14.53","611174"
"2014-02-04 01:00","14.4","446935"
"2014-02-05 01:00","14.48","517998"
"2014-02-06 01:00","14.4","421138"
"2014-02-07 01:00","14.35","251761"
"2014-02-10 01:00","14.6","404886"
"2014-02-11 01:00","14.73","317281"
"2014-02-12 01:00","15.25","1486332"
"2014-02-13 01:00","15.31","610438"
"2014-02-14 01:00","15.3","543436"
"2014-02-17 01:00","15.3","258568"
"2014-02-18 01:00","15.32","493613"
"2014-02-19 01:00","15.24","399466"
"2014-02-20 01:00","15.3","357684"
"2014-02-21 01:00","15.24","181694"
"2014-02-24 01:00","15.05","461073"
"2014-02-25 01:00","15.18","613229"
"2014-02-26 01:00","15.2","446930"
"2014-02-27 01:00","15.25","467338"
"2014-02-28 01:00","15.35","429105"
"2014-03-03 01:00","15.2","178390"
"2014-03-04 01:00","15.13","230077"
"2014-03-05 01:00","15.13","215273"
"2014-03-06 01:00","15.35","197398"
"2014-03-07 01:00","15.11","223077"
"2014-03-10 01:00","15.31","822805"
"2014-03-11 01:00","16","1617111"
"2014-03-12 01:00","15.72","412813"
"2014-03-13 01:00","15.8","266134"
"2014-03-14 01:00","15.85","382824"
"2014-03-17 01:00","15.7","204716"
"2014-03-18 01:00","15.8","236804"
"2014-03-19 01:00","15.54","276792"
"2014-03-20 01:00","15.57","213734"
"2014-03-21 01:00","15.53","533766"
"2014-03-24 01:00","15.56","327631"
"2014-03-25 01:00","15.85","387190"
"2014-03-26 01:00","15.97","897111"
"2014-03-27 01:00","16.1","500201"
"2014-03-28 01:00","16.24","270258"
"2014-03-31 02:00","16.25","267957"
"2014-04-01 02:00","16.33","645705"
"2014-04-02 02:00","16.55","392991"
"2014-04-03 02:00","16.55","235049"
"2014-04-04 02:00","16.5","205272"
"2014-04-07 02:00","16.31","197555"
"2014-04-08 02:00","16.26","203705"
"2014-04-09 02:00","16.45","377315"
"2014-04-10 02:00","16.7","558767"
"2014-04-11 02:00","16.56","271197"
"2014-04-14 02:00","16.55","419087"
"2014-04-15 02:00","16.395","262026"
"2014-04-16 02:00","16.2","270303"
"2014-04-17 02:00","16.44","231739"
"2014-04-22 02:00","16.485","189964"
"2014-04-23 02:00","16.5","118653"
"2014-04-24 02:00","16.5","146332"
"2014-04-25 02:00","16.45","91558"
"2014-04-28 02:00","16.255","178858"
"2014-04-29 02:00","16.34","190944"
"2014-04-30 02:00","16.235","223566"
"2014-05-02 02:00","16.2","241172"
"2014-05-05 02:00","16.2","119807"
"2014-05-06 02:00","16.24","90265"
"2014-05-07 02:00","16.3","141586"
"2014-05-08 02:00","17.32","972940"
"2014-05-09 02:00","17.385","267226"
"2014-05-12 02:00","17.765","380351"
"2014-05-13 02:00","17.9","284842"
"2014-05-14 02:00","17.81","216991"
"2014-05-15 02:00","17.915","300353"
"2014-05-16 02:00","17.955","287651"
"2014-05-19 02:00","18.015","421348"
"2014-05-20 02:00","18.045","204115"
"2014-05-21 02:00","18.13","131054"
"2014-05-22 02:00","18.29","239317"
"2014-05-23 02:00","18.015","368133"
"2014-05-26 02:00","17.97","198234"
"2014-05-27 02:00","18.04","123748"
"2014-05-28 02:00","18.035","150577"
"2014-05-29 02:00","18.02","93070"
"2014-05-30 02:00","18.48","633371"
"2014-06-02 02:00","18.85","426638"
"2014-06-03 02:00","18.54","218268"
"2014-06-04 02:00","18.645","191821"
"2014-06-05 02:00","18.775","153970"
"2014-06-06 02:00","18.74","91691"
"2014-06-09 02:00","18.77","67063"
"2014-06-10 02:00","18.8","138084"
"2014-06-11 02:00","18.95","314129"
"2014-06-12 02:00","18.84","188643"
"2014-06-13 02:00","18.75","180433"
"2014-06-16 02:00","18.61","65173"
"2014-06-17 02:00","18.51","224268"
"2014-06-18 02:00","18.6","131499"
"2014-06-19 02:00","18.55","104428"
"2014-06-20 02:00","18.39","213185"
"2014-06-23 02:00","18.315","130220"
"2014-06-24 02:00","18.64","175242"
"2014-06-25 02:00","18.445","202682"
"2014-06-26 02:00","18.35","167854"
"2014-06-27 02:00","18.37","520139"
"2014-06-30 02:00","18.45","198501"
"2014-07-01 02:00","18.45","177290"
"2014-07-02 02:00","18.48","159638"
"2014-07-03 02:00","18.68","134999"
"2014-07-04 02:00","18.76","76431"
"2014-07-07 02:00","18.75","129621"
"2014-07-08 02:00","18.725","152222"
"2014-07-09 02:00","18.79","133911"
"2014-07-10 02:00","18.58","321796"
"2014-07-11 02:00","18.92","191661"
"2014-07-14 02:00","19.09","155487"
"2014-07-15 02:00","19.45","413164"
"2014-07-16 02:00","19.49","388945"
"2014-07-17 02:00","19.695","196173"
"2014-07-18 02:00","19.425","192649"
"2014-07-21 02:00","19.69","174836"
"2014-07-22 02:00","19.545","234583"
"2014-07-23 02:00","19.59","168704"
"2014-07-24 02:00","19.455","227007"
"2014-07-25 02:00","19.115","161844"
"2014-07-28 02:00","19","165776"
"2014-07-29 02:00","18.875","137897"
"2014-07-30 02:00","18.62","292613"
"2014-07-31 02:00","18.77","208230"
"2014-08-01 02:00","18.7","151234"
"2014-08-04 02:00","18.575","171969"
"2014-08-05 02:00","18.79","317590"
"2014-08-06 02:00","18.33","266152"
"2014-08-07 02:00","17.58","800262"
"2014-08-08 02:00","18.005","390896"
"2014-08-11 02:00","18.14","291853"
"2014-08-12 02:00","18.345","249127"
"2014-08-13 02:00","18.78","170719"
"2014-08-14 02:00","18.805","148916"
"2014-08-15 02:00","18.49","125761"
"2014-08-18 02:00","18.81","103712"
"2014-08-19 02:00","18.8","150413"
"2014-08-20 02:00","18.72","142644"
"2014-08-21 02:00","18.725","133218"
"2014-08-22 02:00","18.6","159626"
"2014-08-25 02:00","18.675","69648"
"2014-08-26 02:00","18.76","221144"
"2014-08-27 02:00","18.94","123992"
"2014-08-28 02:00","18.8","154635"
"2014-08-29 02:00","18.745","311994"
"2014-09-01 02:00","18.61","60469"
"2014-09-02 02:00","18.57","107823"
"2014-09-03 02:00","18.65","196307"
"2014-09-04 02:00","18.62","112672"
"2014-09-05 02:00","18.675","123302"
"2014-09-08 02:00","18.72","126573"
"2014-09-09 02:00","18.665","112883"
"2014-09-10 02:00","18.625","178936"
"2014-09-11 02:00","18.675","136273"
"2014-09-12 02:00","18.75","83424"
"2014-09-15 02:00","18.91","168956"
"2014-09-16 02:00","19.075","384988"
"2014-09-17 02:00","19.33","115436"
"2014-09-18 02:00","19.24","125710"
"2014-09-19 02:00","19.4","873109"
"2014-09-22 02:00","19.885","494983"
"2014-09-23 02:00","19.615","304382"
"2014-09-24 02:00","19.15","406134"
"2014-09-25 02:00","19.18","1947754"
"2014-09-26 02:00","18.665","301522"
"2014-09-29 02:00","18.745","262379"
"2014-09-30 02:00","18.9","216445"
"2014-10-01 02:00","18.575","575443"
"2014-10-02 02:00","18.485","514238"
"2014-10-03 02:00","18.705","249475"
"2014-10-06 02:00","18.405","292931"
"2014-10-07 02:00","18.365","394646"
"2014-10-08 02:00","18.39","238375"
"2014-10-09 02:00","18.315","475932"
"2014-10-10 02:00","18.16","842000"
"2014-10-13 02:00","18.265","334186"
"2014-10-14 02:00","18.52","313847"
"2014-10-15 02:00","18.13","302552"
"2014-10-16 02:00","17.915","537611"
"2014-10-17 02:00","18.41","284668"
"2014-10-20 02:00","18.34","236813"
"2014-10-21 02:00","18.725","281943"
"2014-10-22 02:00","19.005","525314"
"2014-10-23 02:00","19.075","355014"
"2014-10-24 02:00","19.105","367429"
"2014-10-27 01:00","19.135","244426"
"2014-10-28 01:00","19.505","325768"
"2014-10-29 01:00","19.155","261122"
"2014-10-30 01:00","19.255","250198"
"2014-10-31 01:00","19.755","363044"
"2014-11-03 01:00","19.42","395436"
"2014-11-04 01:00","20.045","1032175"
"2014-11-05 01:00","20.39","568755"
"2014-11-06 01:00","20.45","509456"
"2014-11-07 01:00","20.425","258328"
"2014-11-10 01:00","20.7","149038"
"2014-11-11 01:00","20.95","257348"
"2014-11-12 01:00","20.685","343485"
"2014-11-13 01:00","20.855","308229"
"2014-11-14 01:00","20.475","345567"
"2014-11-17 01:00","20.48","313552"
"2014-11-18 01:00","21.095","319228"
"2014-11-19 01:00","20.975","162839"
"2014-11-20 01:00","20.695","179926"
"2014-11-21 01:00","20.705","377142"
"2014-11-24 01:00","20.8","187694"
"2014-11-25 01:00","21.02","222379"
"2014-11-26 01:00","21.05","289779"
"2014-11-27 01:00","21.14","143262"
"2014-11-28 01:00","20.86","328024"
"2014-12-01 01:00","21.025","245078"
"2014-12-02 01:00","20.86","227115"
"2014-12-03 01:00","20.9","235209"
"2014-12-04 01:00","20.68","312804"
"2014-12-05 01:00","20.755","246186"
"2014-12-08 01:00","19.845","313218"
"2014-12-09 01:00","19.385","266102"
"2014-12-10 01:00","20.015","360382"
"2014-12-11 01:00","20.11","256426"
"2014-12-12 01:00","19.52","248244"
"2014-12-15 01:00","19.76","317551"
"2014-12-16 01:00","19.73","673605"
"2014-12-17 01:00","19.88","268341"
"2014-12-18 01:00","20.18","264792"
"2014-12-19 01:00","20.155","226472"
"2014-12-22 01:00","20.45","157200"
"2014-12-23 01:00","20.68","127236"
"2014-12-24 01:00","20.8","33273"
"2014-12-29 01:00","20.545","101416"
"2014-12-30 01:00","20.685","145078"
"2014-12-31 01:00","20.785","31828"
"2015-01-02 01:00","20.86","113952"
"2015-01-05 01:00","20.61","171465"
"2015-01-06 01:00","20.78","234590"
"2015-01-07 01:00","20.93","294589"
"2015-01-08 01:00","21.34","427245"
"2015-01-09 01:00","21.63","252782"
"2015-01-12 01:00","21.69","263773"
"2015-01-13 01:00","22.44","560703"
"2015-01-14 01:00","22.22","307291"
"2015-01-15 01:00","22.48","205477"
"2015-01-16 01:00","23.08","783623"
"2015-01-19 01:00","22.86","231503"
"2015-01-20 01:00","22.53","285835"
"2015-01-21 01:00","22.42","262578"
"2015-01-22 01:00","22.255","639483"
"2015-01-23 01:00","22.935","422455"
"2015-01-26 01:00","23.37","354615"
"2015-01-27 01:00","23.32","184958"
"2015-01-28 01:00","23.34","304247"
"2015-01-29 01:00","23.44","236696"
"2015-01-30 01:00","23.32","264128"
"2015-02-02 01:00","23.095","209684"
"2015-02-03 01:00","23.09","271913"
"2015-02-04 01:00","23.28","173308"
"2015-02-05 01:00","23.195","181468"
"2015-02-06 01:00","23.17","216128"
"2015-02-09 01:00","23.035","228822"
"2015-02-10 01:00","23.455","316325"
"2015-02-11 01:00","23.505","210948"
"2015-02-12 01:00","23.85","235528"
"2015-02-13 01:00","23.73","230301"
"2015-02-16 01:00","23.81","143120"
"2015-02-17 01:00","23.785","132332"
"2015-02-18 01:00","23.965","210586"
"2015-02-19 01:00","24.01","165271"
"2015-02-20 01:00","24.285","254869"
"2015-02-23 01:00","24.365","189247"
"2015-02-24 01:00","24.39","236283"
"2015-02-25 01:00","24.41","141132"
"2015-02-26 01:00","24.59","229317"
"2015-02-27 01:00","25.145","348289"
"2015-03-02 01:00","25.64","285796"
"2015-03-03 01:00","25.08","276509"
"2015-03-04 01:00","25.33","273746"
"2015-03-05 01:00","26.06","312882"
"2015-03-06 01:00","25.97","285529"
"2015-03-09 01:00","25.67","254199"
"2015-03-10 01:00","25.62","298993"
"2015-03-11 01:00","25.745","337010"
"2015-03-12 01:00","25.775","401212"
"2015-03-13 01:00","25.92","182108"
"2015-03-16 01:00","25.815","329201"
"2015-03-17 01:00","25.76","526133"
"2015-03-18 01:00","26.42","428911"
"2015-03-19 01:00","26.235","349045"
"2015-03-20 01:00","25.95","1807673"
"2015-03-23 01:00","25.67","422276"
"2015-03-24 01:00","25.67","637747"
"2015-03-25 01:00","25.925","418514"
"2015-03-26 01:00","25.47","390256"
"2015-03-27 01:00","25.61","252745"
"2015-03-30 02:00","26","342246"
"2015-03-31 02:00","26.105","342366"
"2015-04-01 02:00","26.34","310169"
"2015-04-02 02:00","26.56","174250"
"2015-04-07 02:00","26.965","306188"
"2015-04-08 02:00","27.065","481563"
"2015-04-09 02:00","27.28","346773"
"2015-04-10 02:00","27.44","305161"
"2015-04-13 02:00","27.23","286055"
"2015-04-14 02:00","27.12","223295"
"2015-04-15 02:00","27.05","241368"
"2015-04-16 02:00","26.805","270496"
"2015-04-17 02:00","26.085","403462"
"2015-04-20 02:00","26.49","411080"
"2015-04-21 02:00","26.7","326300"
"2015-04-22 02:00","26.355","236164"
"2015-04-23 02:00","26.015","328670"
"2015-04-24 02:00","26.15","216561"
"2015-04-27 02:00","26.265","268652"
"2015-04-28 02:00","25.87","525187"
"2015-04-29 02:00","25.62","536214"
"2015-04-30 02:00","25.575","402793"
"2015-05-04 02:00","25.085","262044"
"2015-05-05 02:00","25.05","352835"
"2015-05-06 02:00","24.47","450811"
"2015-05-07 02:00","24.51","491899"
"2015-05-08 02:00","24.87","403000"
"2015-05-11 02:00","25.235","306162"
"2015-05-12 02:00","24.895","221473"
"2015-05-13 02:00","25","330051"
"2015-05-14 02:00","25.08","154217"
"2015-05-15 02:00","25.13","176542"
"2015-05-18 02:00","25.86","587477"
"2015-05-19 02:00","26","299637"
"2015-05-20 02:00","25.74","217921"
"2015-05-21 02:00","25.79","308359"
"2015-05-22 02:00","25.785","273050"
"2015-05-25 02:00","25.805","36936"
"2015-05-26 02:00","25.645","239611"
"2015-05-27 02:00","26.115","289851"
"2015-05-28 02:00","26.445","268084"
"2015-05-29 02:00","26.28","765663"
"2015-06-01 02:00","26.37","222410"
"2015-06-02 02:00","26.235","239609"
"2015-06-03 02:00","26.28","241835"
"2015-06-04 02:00","26.075","263069"
"2015-06-05 02:00","25.7","224024"
"2015-06-08 02:00","25.445","328622"
"2015-06-09 02:00","25.475","165797"
"2015-06-10 02:00","25.8","306850"
"2015-06-11 02:00","25.495","297726"
"2015-06-12 02:00","25.385","183840"
"2015-06-15 02:00","24.96","234184"
"2015-06-16 02:00","25.13","232424"
"2015-06-17 02:00","24.505","233483"
"2015-06-18 02:00","24.73","261987"
"2015-06-19 02:00","24.815","338172"
"2015-06-22 02:00","25.255","214896"
"2015-06-23 02:00","25.055","362662"
"2015-06-24 02:00","25.335","225540"
"2015-06-25 02:00","25.32","245525"
"2015-06-26 02:00","25.32","205838"
"2015-06-29 02:00","24.69","329076"
"2015-06-30 02:00","24.64","228647"
"2015-07-01 02:00","24.96","202585"
"2015-07-02 02:00","24.72","242132"
"2015-07-03 02:00","24.83","178586"
"2015-07-06 02:00","24.625","255615"
"2015-07-07 02:00","24.42","221630"
"2015-07-08 02:00","24.615","188738"
"2015-07-09 02:00","24.865","144196"
"2015-07-10 02:00","25.325","176900"
"2015-07-13 02:00","25.605","196263"
"2015-07-14 02:00","25.57","140798"
"2015-07-15 02:00","25.615","167291"
"2015-07-16 02:00","25.94","152959"
"2015-07-17 02:00","26.1","187190"
"2015-07-20 02:00","26.265","119258"
"2015-07-21 02:00","26.02","138402"
"2015-07-22 02:00","25.685","272935"
"2015-07-23 02:00","25.975","167192"
"2015-07-24 02:00","25.805","194295"
"2015-07-27 02:00","25.225","336796"
"2015-07-28 02:00","25.395","371376"
"2015-07-29 02:00","25.645","283395"
"2015-07-30 02:00","25.785","182845"
"2015-07-31 02:00","25.755","413697"
"2015-08-03 02:00","26.495","240253"
"2015-08-04 02:00","26.705","265087"
"2015-08-05 02:00","26.67","236286"
"2015-08-06 02:00","26.325","151936"
"2015-08-07 02:00","24","1278038"
"2015-08-10 02:00","23.095","782059"
"2015-08-11 02:00","22.6","786165"
"2015-08-12 02:00","22.655","524339"
"2015-08-13 02:00","22.75","433439"
"2015-08-14 02:00","22.83","334630"
"2015-08-17 02:00","22.775","242847"
"2015-08-18 02:00","22.825","169965"
"2015-08-19 02:00","22.65","234309"
"2015-08-20 02:00","22.17","305519"
"2015-08-21 02:00","21.57","442375"
"2015-08-24 02:00","21.185","518005"
"2015-08-25 02:00","21.73","537976"
"2015-08-26 02:00","21.55","309781"
"2015-08-27 02:00","21.675","262945"
"2015-08-28 02:00","21.825","196955"
"2015-08-31 02:00","21.74","137259"
"2015-09-01 02:00","21.19","254511"
"2015-09-02 02:00","21.385","273293"
"2015-09-03 02:00","21.79","302213"
"2015-09-04 02:00","21.58","186258"
"2015-09-07 02:00","21.625","136283"
"2015-09-08 02:00","21.78","201831"
"2015-09-09 02:00","21.65","183439"
"2015-09-10 02:00","21.69","212775"
"2015-09-11 02:00","21.27","193711"
"2015-09-14 02:00","21.125","162154"
"2015-09-15 02:00","21.15","186528"
"2015-09-16 02:00","21.44","211239"
"2015-09-17 02:00","21.355","201202"
"2015-09-18 02:00","20.84","406386"
"2015-09-21 02:00","21.65","349894"
"2015-09-22 02:00","21.275","251782"
"2015-09-23 02:00","21.445","209154"
"2015-09-24 02:00","20.945","283728"
"2015-09-25 02:00","21.25","303156"
"2015-09-28 02:00","21","214774"
"2015-09-29 02:00","20.875","286194"
"2015-09-30 02:00","21.23","257684"
"2015-10-01 02:00","21.06","213953"
"2015-10-02 02:00","21.105","254767"
"2015-10-05 02:00","21.7","349255"
"2015-10-06 02:00","21.495","227629"
"2015-10-07 02:00","21.4","298417"
"2015-10-08 02:00","21.67","210000"
"2015-10-09 02:00","21.65","153682"
"2015-10-12 02:00","21.565","213869"
"2015-10-13 02:00","21.425","165572"
"2015-10-14 02:00","21.475","316458"
"2015-10-15 02:00","21.775","245619"
"2015-10-16 02:00","21.53","480738"
"2015-10-19 02:00","21.96","256580"
"2015-10-20 02:00","22.01","198303"
"2015-10-21 02:00","22.015","300155"
"2015-10-22 02:00","22.1","271492"
"2015-10-23 02:00","22.65","226221"
"2015-10-26 01:00","22.285","280475"
"2015-10-27 01:00","22.2","193588"
"2015-10-28 01:00","22.475","157875"
"2015-10-29 01:00","22.63","230180"
"2015-10-30 01:00","22.77","204863"
"2015-11-02 01:00","22.825","347780"
"2015-11-03 01:00","22.605","245030"
"2015-11-04 01:00","22.65","192905"
"2015-11-05 01:00","21.985","547062"
"2015-11-06 01:00","23.89","997253"
"2015-11-09 01:00","23.45","381292"
"2015-11-10 01:00","23.3","344403"
"2015-11-11 01:00","23.455","299008"
"2015-11-12 01:00","22.975","274887"
"2015-11-13 01:00","22.875","409369"
"2015-11-16 01:00","22.995","625736"
"2015-11-17 01:00","23.485","623807"
"2015-11-18 01:00","23.525","334669"
"2015-11-19 01:00","23.565","257887"
"2015-11-20 01:00","23.615","272330"
"2015-11-23 01:00","23.275","220325"
"2015-11-24 01:00","22.985","302814"
"2015-11-25 01:00","23.115","265529"
"2015-11-26 01:00","23.22","214015"
"2015-11-27 01:00","23.175","182052"
"2015-11-30 01:00","23","362060"
"2015-12-01 01:00","23.25","388874"
"2015-12-02 01:00","23.28","265609"
"2015-12-03 01:00","22.935","398853"
"2015-12-04 01:00","23.28","321365"
"2015-12-07 01:00","23.75","384869"
"2015-12-08 01:00","22.7","389833"
"2015-12-09 01:00","22.55","284753"
"2015-12-10 01:00","22.455","243364"
"2015-12-11 01:00","22.3","322799"
"2015-12-14 01:00","22.11","281897"
"2015-12-15 01:00","22.12","298213"
"2015-12-16 01:00","22.29","221440"
"2015-12-17 01:00","22.2","542470"
"2015-12-18 01:00","21.915","474205"
"2015-12-21 01:00","22.04","187099"
"2015-12-22 01:00","21.96","266651"
"2015-12-23 01:00","22.485","163080"
"2015-12-24 01:00","22.46","30000"
"2015-12-28 01:00","22.74","135105"
"2015-12-29 01:00","22.92","227680"
"2015-12-30 01:00","22.77","129499"
"2015-12-31 01:00","22.59","31413"
"2016-01-04 01:00","22.41","262196"
"2016-01-05 01:00","22.445","152567"
"2016-01-06 01:00","22.32","155639"
"2016-01-07 01:00","22.08","404556"
"2016-01-08 01:00","22.2","377631"
"2016-01-11 01:00","21.9","228364"
"2016-01-12 01:00","21.975","276302"
"2016-01-13 01:00","21.915","200507"
"2016-01-14 01:00","21.355","316806"
"2016-01-15 01:00","21.01","261640"
"2016-01-18 01:00","20.89","296423"
"2016-01-19 01:00","21.14","168104"
"2016-01-20 01:00","20.515","449246"
"2016-01-21 01:00","20.51","464445"
"2016-01-22 01:00","21.545","396868"
"2016-01-25 01:00","21.52","192794"
"2016-01-26 01:00","21.59","231355"
"2016-01-27 01:00","21.76","175272"
"2016-01-28 01:00","21.4","193168"
"2016-01-29 01:00","21.85","239541"
"2016-02-01 01:00","22.085","262203"
"2016-02-02 01:00","21.625","225805"
"2016-02-03 01:00","21.72","206598"
"2016-02-04 01:00","21.7","270421"
"2016-02-05 01:00","21.77","219301"
"2016-02-08 01:00","20.85","348898"
"2016-02-09 01:00","20.72","396747"
"2016-02-10 01:00","21.135","190827"
"2016-02-11 01:00","20.51","335442"
"2016-02-12 01:00","20.64","219933"
"2016-02-15 01:00","21.135","219620"
"2016-02-16 01:00","21.46","221611"
"2016-02-17 01:00","22","194464"
"2016-02-18 01:00","22.385","224263"
"2016-02-19 01:00","22.025","178292"
"2016-02-22 01:00","22.55","153898"
"2016-02-23 01:00","22.385","123244"
"2016-02-24 01:00","22.095","194490"
"2016-02-25 01:00","22.525","216831"
"2016-02-26 01:00","22.56","160722"
"2016-02-29 01:00","22.875","216894"
"2016-03-01 01:00","23.285","284820"
"2016-03-02 01:00","23.26","448861"
"2016-03-03 01:00","23.255","212594"
"2016-03-04 01:00","23.465","209971"
"2016-03-07 01:00","23.375","173515"
"2016-03-08 01:00","23.21","270139"
"2016-03-09 01:00","23.27","261571"
"2016-03-10 01:00","23.27","400362"
"2016-03-11 01:00","23.695","305315"
"2016-03-14 01:00","23.885","218296"
"2016-03-15 01:00","23.85","279958"
"2016-03-16 01:00","24.405","314213"
"2016-03-17 01:00","24.39","293952"
"2016-03-18 01:00","24.91","788450"
"2016-03-21 01:00","24.625","229013"
"2016-03-22 01:00","24.43","245002"
"2016-03-23 01:00","24.53","313529"
"2016-03-24 01:00","24.425","361492"
"2016-03-29 02:00","24.325","188693"
"2016-03-30 02:00","24.51","191490"
"2016-03-31 02:00","24.415","212053"
"2016-04-01 02:00","24.45","381459"
"2016-04-04 02:00","24.59","250525"
"2016-04-05 02:00","24.265","205863"
"2016-04-06 02:00","24.285","208865"
"2016-04-07 02:00","24.405","291282"
"2016-04-08 02:00","24.695","253582"
"2016-04-11 02:00","24.425","263862"
"2016-04-12 02:00","24.415","237292"
"2016-04-13 02:00","24.265","306065"
"2016-04-14 02:00","24.385","176764"
"2016-04-15 02:00","24.255","201187"
"2016-04-18 02:00","24.22","278998"
"2016-04-19 02:00","24.39","288005"
"2016-04-20 02:00","24.365","204370"
"2016-04-21 02:00","24.37","257367"
"2016-04-22 02:00","24.27","185605"
"2016-04-25 02:00","24.345","98828"
"2016-04-26 02:00","24.39","203017"
"2016-04-27 02:00","24.52","185604"
"2016-04-28 02:00","24.395","175022"
"2016-04-29 02:00","24.635","229471"
"2016-05-02 02:00","24.55","97863"
"2016-05-03 02:00","24.615","341368"
"2016-05-04 02:00","24.405","447377"
"2016-05-05 02:00","24.515","336925"
"2016-05-06 02:00","24.39","256448"
"2016-05-09 02:00","24.6","399510"
"2016-05-10 02:00","24.625","214395"
"2016-05-11 02:00","24.465","219854"
"2016-05-12 02:00","24.54","335298"
"2016-05-13 02:00","24.435","178796"
"2016-05-16 02:00","24.305","266026"
"2016-05-17 02:00","24.105","378849"
"2016-05-18 02:00","24.265","298756"
"2016-05-19 02:00","24.125","141669"
"2016-05-20 02:00","24.255","279834"
"2016-05-23 02:00","24.42","275204"
"2016-05-24 02:00","24.485","196167"
"2016-05-25 02:00","24.23","232362"
"2016-05-26 02:00","24.18","188378"
"2016-05-27 02:00","24.325","83913"
"2016-05-30 02:00","23.735","494271"
"2016-05-31 02:00","23.69","444000"
"2016-06-01 02:00","23.87","349245"
"2016-06-02 02:00","24.04","405299"
"2016-06-03 02:00","24.27","379305"
"2016-06-06 02:00","24.235","200838"
"2016-06-07 02:00","24.45","186289"
"2016-06-08 02:00","24.25","257657"
"2016-06-09 02:00","24.325","318570"
"2016-06-10 02:00","23.885","287642"
"2016-06-13 02:00","23.405","363757"
"2016-06-14 02:00","22.875","335096"
"2016-06-15 02:00","23.045","376862"
"2016-06-16 02:00","22.665","294314"
"2016-06-17 02:00","22.91","476731"
"2016-06-20 02:00","23.525","361329"
"2016-06-21 02:00","23.41","197733"
"2016-06-22 02:00","23.28","216977"
"2016-06-23 02:00","23.39","142177"
"2016-06-24 02:00","22.535","482737"
"2016-06-27 02:00","21.77","483074"
"2016-06-28 02:00","22.135","481397"
"2016-06-29 02:00","22.875","471007"
"2016-06-30 02:00","22.885","484438"
"2016-07-01 02:00","23.13","211753"
"2016-07-04 02:00","22.81","208772"
"2016-07-05 02:00","22.505","226334"
"2016-07-06 02:00","22.25","264121"
"2016-07-07 02:00","22.445","267327"
"2016-07-08 02:00","22.51","221083"
"2016-07-11 02:00","22.965","222558"
"2016-07-12 02:00","23","168128"
"2016-07-13 02:00","22.875","188200"
"2016-07-14 02:00","22.81","190804"
"2016-07-15 02:00","22.695","192157"
"2016-07-18 02:00","22.72","142434"
"2016-07-19 02:00","22.74","255506"
"2016-07-20 02:00","23.005","212378"
"2016-07-21 02:00","22.87","263855"
"2016-07-22 02:00","22.905","190781"
"2016-07-25 02:00","23.035","268209"
"2016-07-26 02:00","23.05","206153"
"2016-07-27 02:00","23.265","185610"
"2016-07-28 02:00","23.37","270365"
"2016-07-29 02:00","23.425","174490"
"2016-08-01 02:00","23.3","133181"
"2016-08-02 02:00","23.25","177567"
"2016-08-03 02:00","22.98","191898"
"2016-08-04 02:00","23.115","146372"
"2016-08-05 02:00","23.24","216974"
"2016-08-08 02:00","23.375","177084"
"2016-08-09 02:00","23.385","240175"
"2016-08-10 02:00","23.665","319916"
"2016-08-11 02:00","23.865","172234"
"2016-08-12 02:00","23.69","208396"
"2016-08-15 02:00","23.515","147200"
"2016-08-16 02:00","23.36","228364"
"2016-08-17 02:00","23.2","153442"
"2016-08-18 02:00","23.205","174975"
"2016-08-19 02:00","23.23","157638"
"2016-08-22 02:00","23.245","130563"
"2016-08-23 02:00","23.425","133322"
"2016-08-24 02:00","23.55","137843"
"2016-08-25 02:00","23.475","163427"
"2016-08-26 02:00","23.45","124867"
"2016-08-29 02:00","23.295","171693"
"2016-08-30 02:00","23.21","167537"
"2016-08-31 02:00","22.8","202949"
"2016-09-01 02:00","22.785","290066"
"2016-09-02 02:00","23.09","185313"
"2016-09-05 02:00","23.12","179469"
"2016-09-06 02:00","23.255","163911"
"2016-09-07 02:00","23.34","195396"
"2016-09-08 02:00","23.485","152129"
"2016-09-09 02:00","23.3","287164"
"2016-09-12 02:00","23.25","174284"
"2016-09-13 02:00","23.08","290311"
"2016-09-14 02:00","23.1","229255"
"2016-09-15 02:00","23.205","225069"
"2016-09-16 02:00","23.215","403164"
"2016-09-19 02:00","23.59","233464"
"2016-09-20 02:00","23.945","342490"
"2016-09-21 02:00","23.88","345207"
"2016-09-22 02:00","23.92","276523"
"2016-09-23 02:00","23.93","272452"
"2016-09-26 02:00","23.745","211755"
"2016-09-27 02:00","23.815","196901"
"2016-09-28 02:00","23.91","198510"
"2016-09-29 02:00","23.815","218330"
"2016-09-30 02:00","24.085","370147"
"2016-10-03 02:00","24.09","115953"
"2016-10-04 02:00","24.51","480207"
"2016-10-05 02:00","24.295","328205"
"2016-10-06 02:00","24.22","311523"
"2016-10-07 02:00","24.085","312273"
"2016-10-10 02:00","24.165","254428"
"2016-10-11 02:00","24.225","224448"
"2016-10-12 02:00","23.945","288510"
"2016-10-13 02:00","24.355","546525"
"2016-10-14 02:00","24.385","226179"
"2016-10-17 02:00","24.15","274894"
"2016-10-18 02:00","24.2","254284"
"2016-10-19 02:00","24.44","288684"
"2016-10-20 02:00","24.325","163270"
"2016-10-21 02:00","24.415","304405"
"2016-10-24 02:00","24.33","172776"
"2016-10-25 02:00","24.245","205201"
"2016-10-26 02:00","24.375","203061"
"2016-10-27 02:00","24.46","209440"
"2016-10-28 02:00","24.255","273014"
"2016-10-31 01:00","24.235","266356"
"2016-11-01 01:00","24.06","413946"
"2016-11-02 01:00","23.9","290788"
"2016-11-03 01:00","23.755","269892"
"2016-11-04 01:00","23.495","311024"
"2016-11-07 01:00","23.385","637969"
"2016-11-08 01:00","23.27","554385"
"2016-11-09 01:00","23.29","441871"
"2016-11-10 01:00","21.395","1004911"
"2016-11-11 01:00","21.435","641360"
"2016-11-14 01:00","21.735","832754"
"2016-11-15 01:00","21.825","704027"
"2016-11-16 01:00","21.78","376959"
"2016-11-17 01:00","21.31","564175"
"2016-11-18 01:00","20.815","874522"
"2016-11-21 01:00","20.995","437789"
"2016-11-22 01:00","20.885","429822"
"2016-11-23 01:00","20.92","361910"
"2016-11-24 01:00","21","440592"
"2016-11-25 01:00","21.2","448155"
"2016-11-28 01:00","21.15","240053"
"2016-11-29 01:00","21.35","346063"
"2016-11-30 01:00","21.2","577473"
"2016-12-01 01:00","21.12","509184"
"2016-12-02 01:00","21.215","540726"
"2016-12-05 01:00","21.34","494091"
"2016-12-06 01:00","21.725","855961"
"2016-12-07 01:00","21.92","873650"
"2016-12-08 01:00","21.015","1157671"
"2016-12-09 01:00","21.72","801166"
"2016-12-12 01:00","21.87","573983"
"2016-12-13 01:00","22.04","487696"
"2016-12-14 01:00","21.655","589886"
"2016-12-15 01:00","21.75","513839"
"2016-12-16 01:00","21.88","595022"
"2016-12-19 01:00","21.93","363345"
"2016-12-20 01:00","21.94","490327"
"2016-12-21 01:00","21.96","485733"
"2016-12-22 01:00","22.07","258751"
"2016-12-23 01:00","22.4","249096"
"2016-12-27 01:00","22.475","136017"
"2016-12-28 01:00","22.505","217419"
"2016-12-29 01:00","22.4","282534"
"2016-12-30 01:00","22.5","169446"
"2017-01-02 01:00","22.88","265429"
"2017-01-03 01:00","22.905","405955"
"2017-01-04 01:00","22.91","363327"
"2017-01-05 01:00","23.105","448002"
"2017-01-06 01:00","23.14","273643"
"2017-01-09 01:00","23","297996"
"2017-01-10 01:00","22.75","371078"
"2017-01-11 01:00","22.94","372162"
"2017-01-12 01:00","22.915","454129"
"2017-01-13 01:00","22.915","324507"
"2017-01-16 01:00","22.76","187377"
"2017-01-17 01:00","22.66","304554"
"2017-01-18 01:00","22.655","204522"
"2017-01-19 01:00","22.6","277314"
"2017-01-20 01:00","22.47","304895"
"2017-01-23 01:00","22.47","260100"
"2017-01-24 01:00","22.46","187008"
"2017-01-25 01:00","22.805","336728"
"2017-01-26 01:00","22.69","344042"
"2017-01-27 01:00","22.695","177018"
"2017-01-30 01:00","22.365","192760"
"2017-01-31 01:00","22.37","232839"
"2017-02-01 01:00","22.56","255521"
"2017-02-02 01:00","22.56","252885"
"2017-02-03 01:00","22.505","242783"
"2017-02-06 01:00","22.28","232136"
"2017-02-07 01:00","22.38","205321"
"2017-02-08 01:00","22.475","272065"
"2017-02-09 01:00","22.5","239328"
"2017-02-10 01:00","22.8","429010"
"2017-02-13 01:00","22.775","226017"
"2017-02-14 01:00","22.775","314240"
"2017-02-15 01:00","22.865","252405"
"2017-02-16 01:00","22.865","180528"
"2017-02-17 01:00","22.93","216676"
"2017-02-20 01:00","23.04","200871"
"2017-02-21 01:00","23.125","181101"
"2017-02-22 01:00","23.38","310609"
"2017-02-23 01:00","23.495","314335"
"2017-02-24 01:00","23.26","240673"
"2017-02-27 01:00","23.41","302789"
"2017-02-28 01:00","23.45","206143"
"2017-03-01 01:00","23.465","253679"
"2017-03-02 01:00","23.36","276968"
"2017-03-03 01:00","22.79","434682"
"2017-03-06 01:00","22.89","378997"
"2017-03-07 01:00","22.64","297727"
"2017-03-08 01:00","22.615","277688"
"2017-03-09 01:00","22.955","369477"
"2017-03-10 01:00","22.965","297546"
"2017-03-13 01:00","22.875","266393"
"2017-03-14 01:00","22.805","337642"
"2017-03-15 01:00","22.99","280747"
"2017-03-16 01:00","23.025","306869"
"2017-03-17 01:00","23.35","430669"
"2017-03-20 01:00","23.21","202498"
"2017-03-21 01:00","23.085","342171"
"2017-03-22 01:00","22.93","227935"
"2017-03-23 01:00","23.195","164226"
"2017-03-24 01:00","23.145","168196"
"2017-03-27 02:00","22.995","161528"
"2017-03-28 02:00","23","176828"
"2017-03-29 02:00","22.955","168461"
"2017-03-30 02:00","21.925","1767334"
"2017-03-31 02:00","22.015","582004"
"2017-04-03 02:00","22.12","306465"
"2017-04-04 02:00","22.065","410080"
"2017-04-05 02:00","22.03","420214"
"2017-04-06 02:00","22.005","463478"
"2017-04-07 02:00","21.94","404740"
"2017-04-10 02:00","21.99","526697"
"2017-04-11 02:00","22.005","394622"
"2017-04-12 02:00","22.135","236399"
"2017-04-13 02:00","22.27","250559"
"2017-04-18 02:00","22.115","373517"
"2017-04-19 02:00","22","281116"
"2017-04-20 02:00","21.96","345474"
"2017-04-21 02:00","21.945","297206"
"2017-04-24 02:00","22.325","426167"
"2017-04-25 02:00","22","356648"
"2017-04-26 02:00","22.065","210730"
"2017-04-27 02:00","21.815","479153"
"2017-04-28 02:00","22","407873"
"2017-05-02 02:00","22.075","321230"
"2017-05-03 02:00","21.915","322024"
"2017-05-04 02:00","22.06","603911"
"2017-05-05 02:00","22.3","263700"
"2017-05-08 02:00","22.25","245783"
"2017-05-09 02:00","22.2","211307"
"2017-05-10 02:00","22.265","291724"
"2017-05-11 02:00","22.085","239127"
"2017-05-12 02:00","22.075","290941"
"2017-05-15 02:00","21.9","208074"
"2017-05-16 02:00","21.98","366820"
"2017-05-17 02:00","21.82","266774"
"2017-05-18 02:00","21.585","489268"
"2017-05-19 02:00","21.85","248777"
"2017-05-22 02:00","21.575","491856"
"2017-05-23 02:00","21.62","417885"
"2017-05-24 02:00","21.615","296096"
"2017-05-25 02:00","21.535","258693"
"2017-05-26 02:00","21.52","323393"
"2017-05-29 02:00","21.415","146322"
"2017-05-30 02:00","21.67","304170"
"2017-05-31 02:00","21.655","326555"
"2017-06-01 02:00","21.7","242801"
"2017-06-02 02:00","21.71","195307"
"2017-06-05 02:00","21.595","125400"
"2017-06-06 02:00","21.47","209022"
"2017-06-07 02:00","21.28","273936"
"2017-06-08 02:00","21.34","400488"
"2017-06-09 02:00","21.38","260021"
"2017-06-12 02:00","21.395","232240"
"2017-06-13 02:00","21.615","239570"
"2017-06-14 02:00","21.875","327610"
"2017-06-15 02:00","21.645","296503"
"2017-06-16 02:00","21.77","706048"
"2017-06-19 02:00","21.915","268999"
"2017-06-20 02:00","21.745","192110"
"2017-06-21 02:00","21.465","353996"
"2017-06-22 02:00","21.21","246213"
"2017-06-23 02:00","21.355","232731"
"2017-06-26 02:00","21.635","225649"
"2017-06-27 02:00","21.36","204673"
"2017-06-28 02:00","21.335","256437"
"2017-06-29 02:00","21.19","216541"
"2017-06-30 02:00","21.135","229423"
"2017-07-03 02:00","21.1","218001"
"2017-07-04 02:00","21.195","189692"
"2017-07-05 02:00","21.09","203043"
"2017-07-06 02:00","21.01","232981"
"2017-07-07 02:00","21.065","170024"
"2017-07-10 02:00","21.42","240606"
"2017-07-11 02:00","21.485","278814"
"2017-07-12 02:00","21.62","157914"
"2017-07-13 02:00","21.775","227008"
"2017-07-14 02:00","21.855","206186"
"2017-07-17 02:00","22.02","231272"
"2017-07-18 02:00","21.97","186670"
"2017-07-19 02:00","21.825","217893"
"2017-07-20 02:00","21.595","526706"
"2017-07-21 02:00","21.73","258696"
"2017-07-24 02:00","21.74","301861"
"2017-07-25 02:00","21.85","232114"
"2017-07-26 02:00","22.955","555133"
"2017-07-27 02:00","23.35","547789"
"2017-07-28 02:00","23.245","289910"
"2017-07-31 02:00","23.145","652484"
"2017-08-01 02:00","23.245","236230"
"2017-08-02 02:00","23.32","233486"
"2017-08-03 02:00","23.265","256799"
"2017-08-04 02:00","23.35","261429"
"2017-08-07 02:00","23.42","146992"
"2017-08-08 02:00","22.945","691997"
"2017-08-09 02:00","23.165","338909"
"2017-08-10 02:00","23.16","287554"
"2017-08-11 02:00","23.085","313117"
"2017-08-14 02:00","23.295","232663"
"2017-08-15 02:00","23.395","160818"
"2017-08-16 02:00","23.52","247378"
"2017-08-17 02:00","23.55","243140"
"2017-08-18 02:00","23.43","200216"
"2017-08-21 02:00","23.57","187663"
"2017-08-22 02:00","23.515","228173"
"2017-08-23 02:00","23.4","96498"
"2017-08-24 02:00","23.465","130131"
"2017-08-25 02:00","23.495","99879"
"2017-08-28 02:00","23.57","147353"
"2017-08-29 02:00","23.18","296645"
"2017-08-30 02:00","23.39","133156"
"2017-08-31 02:00","23.45","197746"
"2017-09-01 02:00","23.62","264845"
"2017-09-04 02:00","23.59","97849"
"2017-09-05 02:00","23.735","159380"
"2017-09-06 02:00","23.635","266808"
"2017-09-07 02:00","23.715","323482"
"2017-09-08 02:00","23.65","295405"
"2017-09-11 02:00","23.885","221304"
"2017-09-12 02:00","24.14","291112"
"2017-09-13 02:00","24.215","367772"
"2017-09-14 02:00","24.31","236338"
"2017-09-15 02:00","24.35","567330"
"2017-09-18 02:00","24.25","253505"
"2017-09-19 02:00","24.66","464732"
"2017-09-20 02:00","24.48","222022"
"2017-09-21 02:00","24.49","220878"
"2017-09-22 02:00","24.3","221337"
"2017-09-25 02:00","24.555","275478"
"2017-09-26 02:00","24.74","351596"
"2017-09-27 02:00","24.75","230641"
"2017-09-28 02:00","24.895","228831"
"2017-09-29 02:00","25.15","368985"
"2017-10-02 02:00","24.975","286178"
"2017-10-03 02:00","24.94","286154"
"2017-10-04 02:00","24.975","386259"
"2017-10-05 02:00","25.115","340546"
"2017-10-06 02:00","24.795","168406"
"2017-10-09 02:00","23.955","770097"
"2017-10-10 02:00","24.22","519077"
"2017-10-11 02:00","23.99","536993"
"2017-10-12 02:00","24.03","396850"
"2017-10-13 02:00","23.66","378088"
"2017-10-16 02:00","23.7","203401"
"2017-10-17 02:00","23.61","185284"
"2017-10-18 02:00","23.635","243748"
"2017-10-19 02:00","23.875","420413"
"2017-10-20 02:00","24.03","257180"
"2017-10-23 02:00","23.91","190778"
"2017-10-24 02:00","23.91","218848"
"2017-10-25 02:00","23.95","261929"
"2017-10-26 02:00","24.305","285445"
"2017-10-27 02:00","24.195","286282"
"2017-10-30 01:00","24.045","302737"
"2017-10-31 01:00","24.215","227357"
"2017-11-01 01:00","24.22","178890"
"2017-11-02 01:00","24.07","219067"
"2017-11-03 01:00","24.045","215885"
"2017-11-06 01:00","24.15","135130"
"2017-11-07 01:00","24.035","224609"
"2017-11-08 01:00","24.5","504192"
"2017-11-09 01:00","24.13","353930"
"2017-11-10 01:00","24.015","243108"
"2017-11-13 01:00","24.155","374853"
"2017-11-14 01:00","24.26","262394"
"2017-11-15 01:00","24.375","264951"
"2017-11-16 01:00","24.605","173990"
"2017-11-17 01:00","24.445","218639"
"2017-11-20 01:00","24.515","214279"
"2017-11-21 01:00","24.85","374244"
"2017-11-22 01:00","25.095","461001"
"2017-11-23 01:00","25.295","267330"
"2017-11-24 01:00","25.39","264470"
"2017-11-27 01:00","25.4","309526"
"2017-11-28 01:00","25.5","374288"
"2017-11-29 01:00","25.86","482288"
"2017-11-30 01:00","25.925","432067"
"2017-12-01 01:00","25.66","305405"
"2017-12-04 01:00","25.88","276287"
"2017-12-05 01:00","26.375","403819"
"2017-12-06 01:00","26.08","351755"
"2017-12-07 01:00","25.22","292432"
"2017-12-08 01:00","25.71","416661"
"2017-12-11 01:00","25.27","270608"
"2017-12-12 01:00","25.65","532715"
"2017-12-13 01:00","25.535","209464"
"2017-12-14 01:00","25.65","304015"
"2017-12-15 01:00","25.78","491259"
"2017-12-18 01:00","26.005","399968"
"2017-12-19 01:00","26.08","273957"
"2017-12-20 01:00","25.97","229848"
"2017-12-21 01:00","25.885","251503"
"2017-12-22 01:00","25.9","205020"
"2017-12-27 01:00","25.895","186170"
"2017-12-28 01:00","25.86","171122"
"2017-12-29 01:00","25.385","417080"
"2018-01-02 01:00","25.46","242889"
"2018-01-03 01:00","25.56","216168"
"2018-01-04 01:00","25.66","223842"
"2018-01-05 01:00","26.18","663080"
"2018-01-08 01:00","26.46","444930"
"2018-01-09 01:00","26.84","344228"
"2018-01-10 01:00","26.88","264881"
"2018-01-11 01:00","26.98","230127"
"2018-01-12 01:00","26.8","243441"
"2018-01-15 01:00","26.8","186517"
"2018-01-16 01:00","27.2","285926"
"2018-01-17 01:00","27.4","375706"
"2018-01-18 01:00","27.08","258077"
"2018-01-19 01:00","27.18","373769"
"2018-01-22 01:00","27.22","142634"
"2018-01-23 01:00","27.18","157796"
"2018-01-24 01:00","27.06","140290"
"2018-01-25 01:00","26.9","212969"
"2018-01-26 01:00","27","207770"
"2018-01-29 01:00","26.92","130288"
"2018-01-30 01:00","26.64","203419"
"2018-01-31 01:00","26.78","278257"
"2018-02-01 01:00","26.92","222452"
"2018-02-02 01:00","26.8","277186"
"2018-02-05 01:00","26.82","583323"
"2018-02-06 01:00","26.3","607173"
"2018-02-07 01:00","27.56","571577"
"2018-02-08 01:00","27.16","353123"
"2018-02-09 01:00","27.16","438027"
"2018-02-12 01:00","27.34","274791"
"2018-02-13 01:00","27.28","310599"
"2018-02-14 01:00","27.5","454344"
"2018-02-15 01:00","27.56","312149"
"2018-02-16 01:00","28.12","268030"
"2018-02-19 01:00","27.92","173312"
"2018-02-20 01:00","28.24","161972"
"2018-02-21 01:00","28.28","251961"
"2018-02-22 01:00","28.18","203432"
"2018-02-23 01:00","28.04","277305"
"2018-02-26 01:00","28.06","218837"
"2018-02-27 01:00","27.84","389238"
"2018-02-28 01:00","27.88","263513"
"2018-03-01 01:00","27.6","424779"
"2018-03-02 01:00","27.16","411255"
"2018-03-05 01:00","27.34","269235"
"2018-03-06 01:00","27.46","192688"
"2018-03-07 01:00","27.52","260851"
"2018-03-08 01:00","27.9","390292"
"2018-03-09 01:00","27.76","279601"
"2018-03-12 01:00","27.84","181988"
"2018-03-13 01:00","27.88","240133"
"2018-03-14 01:00","21.74","2882779"
"2018-03-15 01:00","21.24","1728118"
"2018-03-16 01:00","20.76","1325590"
"2018-03-19 01:00","19.64","1986615"
"2018-03-20 01:00","18.88","1831457"
"2018-03-21 01:00","19.56","1268251"
"2018-03-22 01:00","18.89","1345821"
"2018-03-23 01:00","18.98","1032392"
"2018-03-26 02:00","18.31","1011037"
"2018-03-27 02:00","18","1132881"
"2018-03-28 02:00","18.18","696121"
"2018-03-29 02:00","18.36","822392"
"2018-04-03 02:00","17.72","1037712"
"2018-04-04 02:00","17.6","889012"
"2018-04-05 02:00","18","762854"
"2018-04-06 02:00","17.87","590246"
"2018-04-09 02:00","17.99","732287"
"2018-04-10 02:00","18.3","636369"
"2018-04-11 02:00","18.17","792779"
"2018-04-12 02:00","18.19","711459"
"2018-04-13 02:00","18.38","613094"
"2018-04-16 02:00","18.3","542749"
"2018-04-17 02:00","18.38","499651"
"2018-04-18 02:00","18.4","516502"
"2018-04-19 02:00","18.36","478305"
"2018-04-20 02:00","18.23","416329"
"2018-04-23 02:00","18.55","353213"
"2018-04-24 02:00","18.35","396766"
"2018-04-25 02:00","18.27","449721"
"2018-04-26 02:00","18.22","561966"
"2018-04-27 02:00","18.2","531483"
"2018-04-30 02:00","18.17","674013"
"2018-05-02 02:00","18.28","668981"
"2018-05-03 02:00","15.89","3609805"
"2018-05-04 02:00","16.28","1555527"
"2018-05-07 02:00","16.64","765922"
"2018-05-08 02:00","16.79","696491"
"2018-05-09 02:00","16.67","633940"
"2018-05-10 02:00","16.55","438004"
"2018-05-11 02:00","16.58","681913"
"2018-05-14 02:00","16.4","727738"
"2018-05-15 02:00","15.91","1079458"
"2018-05-16 02:00","16.02","678214"
"2018-05-17 02:00","16","405598"
"2018-05-18 02:00","15.68","841694"
"2018-05-21 02:00","15.75","726957"
"2018-05-22 02:00","15.91","1082638"
"2018-05-23 02:00","15.65","809726"
"2018-05-24 02:00","15.65","820980"
"2018-05-25 02:00","15.27","868997"
"2018-05-28 02:00","15.15","534240"
"2018-05-29 02:00","14.9","777899"
"2018-05-30 02:00","15.21","673290"
"2018-05-31 02:00","15.15","752186"
"2018-06-01 02:00","15.44","532071"
"2018-06-04 02:00","15.41","549106"
"2018-06-05 02:00","15.17","561599"
"2018-06-06 02:00","14.93","631525"
"2018-06-07 02:00","14.65","1017880"
"2018-06-08 02:00","14.58","860333"
"2018-06-11 02:00","14.67","769591"
"2018-06-12 02:00","14.52","689797"
"2018-06-13 02:00","14.41","986021"
"2018-06-14 02:00","14.7","583308"
"2018-06-15 02:00","14.67","1815843"
"2018-06-18 02:00","15.05","929479"
"2018-06-19 02:00","14.66","1343393"
"2018-06-20 02:00","15.33","1356485"
"2018-06-21 02:00","14.42","2052957"
"2018-06-22 02:00","14.5","1090505"
"2018-06-25 02:00","14.25","492024"
"2018-06-26 02:00","14.2","533427"
"2018-06-27 02:00","13.91","1032371"
"2018-06-28 02:00","13.89","779659"
"2018-06-29 02:00","13.53","1212277"
"2018-07-02 02:00","13.12","762546"
"2018-07-03 02:00","13.01","657758"
"2018-07-04 02:00","12.86","689493"
"2018-07-05 02:00","13.2","639219"
"2018-07-06 02:00","13.06","574245"
"2018-07-09 02:00","12.83","1199674"
"2018-07-10 02:00","12.78","543005"
"2018-07-11 02:00","12.5","440630"
"2018-07-12 02:00","12.41","391821"
"2018-07-13 02:00","12.32","653119"
"2018-07-16 02:00","12.42","465388"
"2018-07-17 02:00","12.46","479952"
"2018-07-18 02:00","12.86","598431"
"2018-07-19 02:00","12.88","487861"
"2018-07-20 02:00","12.95","525865"
"2018-07-23 02:00","13.25","807907"
"2018-07-24 02:00","13.39","809124"
"2018-07-25 02:00","13.28","422888"
"2018-07-26 02:00","13.35","367471"
"2018-07-27 02:00","13.32","346710"
"2018-07-30 02:00","13.5","507329"
"2018-07-31 02:00","13.47","839243"
"2018-08-01 02:00","13.17","425880"
"2018-08-02 02:00","13.04","419482"
"2018-08-03 02:00","13.32","416614"
"2018-08-06 02:00","12.91","571213"
"2018-08-07 02:00","13.11","388209"
"2018-08-08 02:00","13.39","361883"
"2018-08-09 02:00","14.27","1232935"
"2018-08-10 02:00","13.92","930521"
"2018-08-13 02:00","13.27","603653"
"2018-08-14 02:00","13.08","553438"
"2018-08-15 02:00","12.85","722458"
"2018-08-16 02:00","13.17","339113"
"2018-08-17 02:00","13.34","348353"
"2018-08-20 02:00","13.69","398994"
"2018-08-21 02:00","13.75","438816"
"2018-08-22 02:00","13.5","498537"
"2018-08-23 02:00","13.29","299960"
"2018-08-24 02:00","13.44","279267"
"2018-08-27 02:00","13.57","281453"
"2018-08-28 02:00","13.61","269928"
"2018-08-29 02:00","13.39","335635"
"2018-08-30 02:00","13.2","228100"
"2018-08-31 02:00","13.05","411814"
"2018-09-03 02:00","13.04","239943"
"2018-09-04 02:00","13.65","1006768"
"2018-09-05 02:00","13.38","500155"
"2018-09-06 02:00","13.45","339356"
"2018-09-07 02:00","13.48","317495"
"2018-09-10 02:00","13.47","245127"
"2018-09-11 02:00","13.32","234533"
"2018-09-12 02:00","13.56","268431"
"2018-09-13 02:00","13.62","337447"
"2018-09-14 02:00","13.66","335849"
"2018-09-17 02:00","13.71","494496"
"2018-09-18 02:00","13.99","550377"
"2018-09-19 02:00","14.01","571059"
"2018-09-20 02:00","14.27","524215"
"2018-09-21 02:00","14.32","653040"
"2018-09-24 02:00","14.4","278158"
"2018-09-25 02:00","14.58","725487"
"2018-09-26 02:00","14.2","375036"
"2018-09-27 02:00","13.9","400826"
"2018-09-28 02:00","13.98","460911"
"2018-10-01 02:00","14.03","608108"
"2018-10-02 02:00","13.8","403167"
"2018-10-03 02:00","13.67","419232"
"2018-10-04 02:00","13.4","354038"
"2018-10-05 02:00","13.16","464182"
"2018-10-08 02:00","12.86","394687"
"2018-10-09 02:00","13.06","321598"
"2018-10-10 02:00","12.98","486583"
"2018-10-11 02:00","12.71","664958"
"2018-10-12 02:00","12.63","398387"
"2018-10-15 02:00","13.01","341488"
"2018-10-16 02:00","13.4","448043"
"2018-10-17 02:00","13.36","384156"
"2018-10-18 02:00","13.08","388396"
"2018-10-19 02:00","13.13","335894"
"2018-10-22 02:00","13.24","288633"
"2018-10-23 02:00","12.93","358381"
"2018-10-24 02:00","12.99","271830"
"2018-10-25 02:00","12.99","354064"
"2018-10-26 02:00","12.94","340843"
"2018-10-29 01:00","13.2","226202"
"2018-10-30 01:00","13.45","264146"
"2018-10-31 01:00","13.41","495133"
"2018-11-01 01:00","13.35","316303"
"2018-11-02 01:00","13.31","273670"
"2018-11-05 01:00","12.98","426544"
"2018-11-06 01:00","13.06","284446"
"2018-11-07 01:00","13.12","153732"
"2018-11-08 01:00","11.7","2081927"
"2018-11-09 01:00","11","1442063"
"2018-11-12 01:00","11.05","797703"
"2018-11-13 01:00","10.56","1132102"
"2018-11-14 01:00","10.3","787367"
"2018-11-15 01:00","10.4","531917"
"2018-11-16 01:00","10.4","484050"
"2018-11-19 01:00","9.76","1651353"
"2018-11-20 01:00","9.7","782102"
"2018-11-21 01:00","10.04","479597"
"2018-11-22 01:00","9.855","507095"
"2018-11-23 01:00","10.08","528621"
"2018-11-26 01:00","10.62","625731"
"2018-11-27 01:00","11","699752"
"2018-11-28 01:00","11.07","450652"
"2018-11-29 01:00","11.55","586483"
"2018-11-30 01:00","11.41","693025"
"2018-12-03 01:00","11.33","576665"
"2018-12-04 01:00","8.75","4481230"
"2018-12-05 01:00","8.53","2401873"
"2018-12-06 01:00","7.32","2228863"
"2018-12-07 01:00","7.835","1414640"
"2018-12-10 01:00","7.79","944149"
"2018-12-11 01:00","7.67","845612"
"2018-12-12 01:00","7.74","1097207"
"2018-12-13 01:00","7.57","856477"
"2018-12-14 01:00","7.49","1103336"
"2018-12-17 01:00","7.305","767871"
"2018-12-18 01:00","7.485","711868"
"2018-12-19 01:00","7.825","873149"
"2018-12-20 01:00","7.74","690988"
"2018-12-21 01:00","7.76","647291"
"2018-12-24 01:00","7.81","99183"
"2018-12-27 01:00","7.595","634403"
"2018-12-28 01:00","7.59","321185"
"2018-12-31 01:00","8.005","198461"
"2019-01-02 01:00","7.9","378959"
"2019-01-03 01:00","7.655","423312"
"2019-01-04 01:00","7.93","357127"
"2019-01-07 01:00","7.855","470991"
"2019-01-08 01:00","7.885","444799"
"2019-01-09 01:00","7.78","473105"
"2019-01-10 01:00","7.825","312043"
"2019-01-11 01:00","7.88","355150"
"2019-01-14 01:00","7.98","565138"
"2019-01-15 01:00","7.95","693274"
"2019-01-16 01:00","8.08","442536"
"2019-01-17 01:00","8.11","361463"
"2019-01-18 01:00","8.34","562884"
"2019-01-21 01:00","8.075","354487"
"2019-01-22 01:00","8.17","339478"
"2019-01-23 01:00","8.2","386278"
"2019-01-24 01:00","8.195","560355"
"2019-01-25 01:00","8.25","401690"
"2019-01-28 01:00","7.965","809220"
"2019-01-29 01:00","7.9","720472"
"2019-01-30 01:00","7.99","704092"
"2019-01-31 01:00","7.995","590718"
"2019-02-01 01:00","7.88","437442"
"2019-02-04 01:00","7.85","357492"
"2019-02-05 01:00","7.88","419636"
"2019-02-06 01:00","7.96","274968"
"2019-02-07 01:00","7.755","440566"
"2019-02-08 01:00","7.725","512635"
"2019-02-11 01:00","8","479826"
"2019-02-12 01:00","8.225","616729"
"2019-02-13 01:00","8.19","561492"
"2019-02-14 01:00","8.085","396368"
"2019-02-15 01:00","8.115","386637"
"2019-02-18 01:00","8.205","541276"
"2019-02-19 01:00","8.085","509903"
"2019-02-20 01:00","8.25","433311"
"2019-02-21 01:00","8.195","432756"
"2019-02-22 01:00","8.11","304739"
"2019-02-25 01:00","8.16","420341"
"2019-02-26 01:00","8.1","287954"
"2019-02-27 01:00","8.085","383641"
"2019-02-28 01:00","8.02","565010"
"2019-03-01 01:00","8.165","625843"
"2019-03-04 01:00","8.425","546919"
"2019-03-05 01:00","8.335","395537"
"2019-03-06 01:00","8.21","457660"
"2019-03-07 01:00","7.91","779012"
"2019-03-08 01:00","7.885","443779"
"2019-03-11 01:00","7.82","378819"
"2019-03-12 01:00","7.96","451997"
"2019-03-13 01:00","8.09","574837"
"2019-03-14 01:00","8.125","508769"
"2019-03-15 01:00","8.26","1986468"
"2019-03-18 01:00","8.365","481082"
"2019-03-19 01:00","8.3","373363"
"2019-03-20 01:00","8.695","1638797"
"2019-03-21 01:00","8.745","730564"
"2019-03-22 01:00","8.91","805489"
"2019-03-25 01:00","8.75","546289"
"2019-03-26 01:00","8.86","440922"
"2019-03-27 01:00","9.21","564706"
"2019-03-28 01:00","9.26","408423"
"2019-03-29 01:00","9.615","798147"
"2019-04-01 02:00","9.868","877904"
"2019-04-02 02:00","10.05","840867"
"2019-04-03 02:00","10.22","635808"
"2019-04-04 02:00","10.42","460488"
"2019-04-05 02:00","10.37","381349"
"2019-04-08 02:00","10.4","380798"
"2019-04-09 02:00","10.255","309781"
"2019-04-10 02:00","10.41","286193"
"2019-04-11 02:00","10.415","303673"
"2019-04-12 02:00","10.59","397009"
"2019-04-15 02:00","10.52","199216"
"2019-04-16 02:00","10.59","205792"
"2019-04-17 02:00","10.49","301604"
"2019-04-18 02:00","10.69","263954"
"2019-04-23 02:00","10.48","382227"
"2019-04-24 02:00","10.44","405706"
"2019-04-25 02:00","10.505","271634"
"2019-04-26 02:00","10.61","339999"
"2019-04-29 02:00","10.69","435670"
"2019-04-30 02:00","10.71","528695"
"2019-05-02 02:00","10.815","345273"
"2019-05-03 02:00","10.585","1070204"
"2019-05-06 02:00","10.6","534066"
"2019-05-07 02:00","10.255","686298"
"2019-05-08 02:00","10.25","534180"
"2019-05-09 02:00","9.878","587002"
"2019-05-10 02:00","9.894","447526"
"2019-05-13 02:00","9.598","542588"
"2019-05-14 02:00","9.882","463878"
"2019-05-15 02:00","9.908","480314"
"2019-05-16 02:00","9.958","375538"
"2019-05-17 02:00","9.778","362676"
"2019-05-20 02:00","9.746","362279"
"2019-05-21 02:00","9.322","517134"
"2019-05-22 02:00","9.03","684983"
"2019-05-23 02:00","8.716","579105"
"2019-05-24 02:00","8.774","439167"
"2019-05-27 02:00","8.906","321016"
"2019-05-28 02:00","8.874","332967"
"2019-05-29 02:00","8.88","325681"
"2019-05-30 02:00","8.854","148995"
"2019-05-31 02:00","8.798","251322"
"2019-06-03 02:00","8.654","288602"
"2019-06-04 02:00","8.784","299815"
"2019-06-05 02:00","8.872","203991"
"2019-06-06 02:00","8.738","237023"
"2019-06-07 02:00","7.706","1771952"
"2019-06-10 02:00","8.032","418041"
"2019-06-11 02:00","8.186","478248"
"2019-06-12 02:00","8.166","362409"
"2019-06-13 02:00","8.248","483428"
"2019-06-14 02:00","8.29","370517"
"2019-06-17 02:00","8.38","205407"
"2019-06-18 02:00","8.312","291046"
"2019-06-19 02:00","8.524","495975"
"2019-06-20 02:00","8.494","343620"
"2019-06-21 02:00","8.24","2792586"
"2019-06-24 02:00","8.2","190761"
"2019-06-25 02:00","8.218","231900"
"2019-06-26 02:00","8.192","245783"
"2019-06-27 02:00","8.404","278082"
"2019-06-28 02:00","8.336","253061"
"2019-07-01 02:00","8.374","168557"
"2019-07-02 02:00","8.416","146464"
"2019-07-03 02:00","8.496","163382"
"2019-07-04 02:00","8.578","128716"
"2019-07-05 02:00","8.14","547563"
"2019-07-08 02:00","8.278","259523"
"2019-07-09 02:00","8.164","315777"
"2019-07-10 02:00","8.224","189656"
"2019-07-11 02:00","8.332","383222"
"2019-07-12 02:00","8.396","219522"
"2019-07-15 02:00","8.31","215070"
"2019-07-16 02:00","8.452","240154"
"2019-07-17 02:00","8.288","135881"
"2019-07-18 02:00","8.156","184593"
"2019-07-19 02:00","8.15","182479"
"2019-07-22 02:00","8.302","198039"
"2019-07-23 02:00","8.528","191798"
"2019-07-24 02:00","8.63","274577"
"2019-07-25 02:00","8.492","250623"
"2019-07-26 02:00","8.482","144315"
"2019-07-29 02:00","8.416","134947"
"2019-07-30 02:00","8.452","288052"
"2019-07-31 02:00","8.43","238476"
"2019-08-01 02:00","8.504","150868"
"2019-08-02 02:00","8.408","371001"
"2019-08-05 02:00","8.436","386706"
"2019-08-06 02:00","8.332","247803"
"2019-08-07 02:00","8.246","310987"
"2019-08-08 02:00","8.932","993410"
"2019-08-09 02:00","8.91","409171"
"2019-08-12 02:00","9.104","324047"
"2019-08-13 02:00","9.3","321692"
"2019-08-14 02:00","9.07","208039"
"2019-08-15 02:00","8.978","285149"
"2019-08-16 02:00","9.162","307995"
"2019-08-19 02:00","9.1","154041"
"2019-08-20 02:00","8.88","266583"
"2019-08-21 02:00","9.22","257309"
"2019-08-22 02:00","9.348","185081"
"2019-08-23 02:00","9.248","159059"
"2019-08-26 02:00","9.29","168019"
"2019-08-27 02:00","9.12","332083"
"2019-08-28 02:00","8.948","183197"
"2019-08-29 02:00","8.934","319084"
"2019-08-30 02:00","9.082","290437"
"2019-09-02 02:00","9.1","123504"
"2019-09-03 02:00","9","139460"
"2019-09-04 02:00","9.134","196422"
"2019-09-05 02:00","9.178","242517"
"2019-09-06 02:00","9.1","276396"
"2019-09-09 02:00","9.304","261408"
"2019-09-10 02:00","9.466","248392"
"2019-09-11 02:00","9.544","314031"
"2019-09-12 02:00","9.36","194220"
"2019-09-13 02:00","9.582","236108"
"2019-09-16 02:00","9.746","204412"
"2019-09-17 02:00","9.69","143568"
"2019-09-18 02:00","9.51","118525"
"2019-09-19 02:00","9.538","142198"
"2019-09-20 02:00","9.498","198748"
"2019-09-23 02:00","9.35","112674"
"2019-09-24 02:00","9.268","179460"
"2019-09-25 02:00","9.306","176206"
"2019-09-26 02:00","9.394","94964"
"2019-09-27 02:00","9.468","102034"
"2019-09-30 02:00","9.622","277727"
"2019-10-01 02:00","9.54","119133"
"2019-10-02 02:00","9.388","182378"
"2019-10-03 02:00","9.26","180000"
"2019-10-04 02:00","9.48","182890"
"2019-10-07 02:00","9.56","139990"
"2019-10-08 02:00","9.52","144994"
"2019-10-09 02:00","9.482","157592"
"2019-10-10 02:00","9.692","218873"
"2019-10-11 02:00","9.98","340507"
"2019-10-14 02:00","9.726","139187"
"2019-10-15 02:00","9.932","137925"
"2019-10-16 02:00","10.01","330051"
"2019-10-17 02:00","10.17","343109"
"2019-10-18 02:00","10.075","180748"
"2019-10-21 02:00","10.21","177098"
"2019-10-22 02:00","10.23","165929"
"2019-10-23 02:00","10.445","376490"
"2019-10-24 02:00","10.3","288841"
"2019-10-25 02:00","10.235","216134"
"2019-10-28 01:00","10.31","175623"
"2019-10-29 01:00","10.4","179122"
"2019-10-30 01:00","10.36","159416"
"2019-10-31 01:00","10.25","217705"
"2019-11-01 01:00","10.395","132759"
"2019-11-04 01:00","10.37","197210"
"2019-11-05 01:00","10.44","210756"
"2019-11-06 01:00","10.435","183380"
"2019-11-07 01:00","11.45","1024637"
"2019-11-08 01:00","11.57","552900"
"2019-11-11 01:00","11.38","335719"
"2019-11-12 01:00","11.165","474854"
"2019-11-13 01:00","11.14","541020"
"2019-11-14 01:00","11.145","257317"
"2019-11-15 01:00","11.17","423924"
"2019-11-18 01:00","11.235","253604"
"2019-11-19 01:00","11.125","210721"
"2019-11-20 01:00","10.94","410910"
"2019-11-21 01:00","10.84","256829"
"2019-11-22 01:00","10.97","306221"
"2019-11-25 01:00","10.8","265397"
"2019-11-26 01:00","10.845","366017"
"2019-11-27 01:00","10.595","378023"
"2019-11-28 01:00","10.545","208507"
"2019-11-29 01:00","10.735","245944"
"2019-12-02 01:00","10.61","295813"
"2019-12-03 01:00","10.45","404082"
"2019-12-04 01:00","10.595","525159"
"2019-12-05 01:00","10.3","397293"
"2019-12-06 01:00","10.575","390186"
"2019-12-09 01:00","10.73","277459"
"2019-12-10 01:00","10.505","435752"
"2019-12-11 01:00","10.74","384923"
"2019-12-12 01:00","10.805","244391"
"2019-12-13 01:00","10.575","211864"
"2019-12-16 01:00","10.68","238655"
"2019-12-17 01:00","10.73","394060"
"2019-12-18 01:00","10.545","350200"
"2019-12-19 01:00","10.575","120955"
"2019-12-20 01:00","10.505","261995"
"2019-12-23 01:00","10.425","180399"
"2019-12-24 01:00","10.395","50887"
"2019-12-27 01:00","10.62","179405"
"2019-12-30 01:00","10.445","103109"
"2019-12-31 01:00","10.3","61706"
"2020-01-02 01:00","10.625","192804"
"2020-01-03 01:00","10.38","163875"
"2020-01-06 01:00","10.135","221349"
"2020-01-07 01:00","10.05","237951"
"2020-01-08 01:00","9.942","410803"
"2020-01-09 01:00","9.87","227626"
"2020-01-10 01:00","9.828","216917"
"2020-01-13 01:00","9.694","221699"
"2020-01-14 01:00","9.732","591717"
"2020-01-15 01:00","9.69","397725"
"2020-01-16 01:00","9.736","299871"
"2020-01-17 01:00","9.638","150411"
"2020-01-20 01:00","9.698","144903"
"2020-01-21 01:00","9.568","196328"
"2020-01-22 01:00","9.564","277648"
"2020-01-23 01:00","9.366","218261"
"2020-01-24 01:00","9.366","206873"
"2020-01-27 01:00","9.12","211767"
"2020-01-28 01:00","9.266","272373"
"2020-01-29 01:00","9.292","146172"
"2020-01-30 01:00","9.114","263053"
"2020-01-31 01:00","8.996","290060"
"2020-02-03 01:00","8.382","636700"
"2020-02-04 01:00","8.502","529185"
"2020-02-05 01:00","8.51","275390"
"2020-02-06 01:00","8.486","367428"
"2020-02-07 01:00","8.49","292585"
"2020-02-10 01:00","8.418","251106"
"2020-02-11 01:00","8.65","292699"
"2020-02-12 01:00","8.668","202059"
"2020-02-13 01:00","8.67","177687"
"2020-02-14 01:00","8.72","258379"
"2020-02-17 01:00","8.784","244869"
"2020-02-18 01:00","8.71","179312"
"2020-02-19 01:00","8.688","161015"
"2020-02-20 01:00","8.694","170537"
"2020-02-21 01:00","8.446","382559"
"2020-02-24 01:00","8.066","637578"
"2020-02-25 01:00","7.874","567387"
"2020-02-26 01:00","7.886","510852"
"2020-02-27 01:00","7.69","393287"
"2020-02-28 01:00","7.408","845966"
"2020-03-02 01:00","7.326","708756"
"2020-03-03 01:00","7.282","954532"
"2020-03-04 01:00","7.186","703426"
"2020-03-05 01:00","7.178","576077"
"2020-03-06 01:00","7.092","539800"
"2020-03-09 01:00","6.756","700134"
"2020-03-10 01:00","6.848","681176"
"2020-03-11 01:00","6.88","586830"
"2020-03-12 01:00","6.082","880255"
"2020-03-13 01:00","6.274","632987"
"2020-03-16 01:00","5.948","670381"
"2020-03-17 01:00","6.286","553314"
"2020-03-18 01:00","5.92","464132"
"2020-03-19 01:00","6.16","708595"
"2020-03-20 01:00","6.304","648627"
"2020-03-23 01:00","5.794","438085"
"2020-03-24 01:00","6.21","548974"
"2020-03-25 01:00","6.27","438168"
"2020-03-26 01:00","6.584","370554"
"2020-03-27 01:00","6.188","318862"
"2020-03-30 02:00","6.454","264105"
"2020-03-31 02:00","6.43","263502"
"2020-04-01 02:00","6.21","214528"
"2020-04-02 02:00","6.16","105828"
"2020-04-03 02:00","6.21","162760"
"2020-04-06 02:00","6.24","226297"
"2020-04-07 02:00","6.25","274957"
"2020-04-08 02:00","6.43","248581"
"2020-04-09 02:00","6.38","237121"
"2020-04-14 02:00","6.28","310800"
"2020-04-15 02:00","6.26","248155"
"2020-04-16 02:00","6.105","227681"
"2020-04-17 02:00","6.1","199306"
"2020-04-20 02:00","6.045","239947"
"2020-04-21 02:00","5.925","190312"
"2020-04-22 02:00","6.02","145953"
"2020-04-23 02:00","5.97","172322"
"2020-04-24 02:00","5.835","228751"
"2020-04-27 02:00","6.26","378358"
"2020-04-28 02:00","6.285","296133"
"2020-04-29 02:00","6.63","254472"
"2020-04-30 02:00","6.375","359632"
